{
  "L1_memory": [],
  "L2_redis": [],
  "L3_api": [
    0.06251716613769531,
    0.06434106826782227,
    0.040778160095214844,
    0.048922061920166016,
    0.0456693172454834,
    0.038953542709350586,
    0.03748607635498047,
    0.04289817810058594,
    0.03416776657104492,
    0.04181241989135742,
    0.03976011276245117,
    0.03860735893249512,
    0.034418344497680664,
    0.04551053047180176,
    0.03556084632873535
  ],
  "test_metadata": {
    "timestamp": "2025-09-14T12:27:03.103006",
    "test_iterations": 5,
    "num_trips": 3
  },
  "L1_memory_stats": {
    "count": 0,
    "mean": 0,
    "median": 0,
    "min": 0,
    "max": 0,
    "std_dev": 0
  },
  "L2_redis_stats": {
    "count": 0,
    "mean": 0,
    "median": 0,
    "min": 0,
    "max": 0,
    "std_dev": 0
  },
  "L3_api_stats": {
    "count": 15,
    "mean": 0.043426863352457684,
    "median": 0.040778160095214844,
    "min": 0.03416776657104492,
    "max": 0.06434106826782227,
    "std_dev": 0.009149736168246785
  }
}