{
  "L1_memory": [],
  "L2_redis": [],
  "L3_api": [
    0.5784628391265869,
    0.11643242835998535,
    0.08205962181091309,
    0.1046907901763916,
    0.08124327659606934,
    0.07594633102416992,
    0.0663442611694336,
    0.12655282020568848,
    0.1592545509338379,
    0.11591672897338867,
    0.13875675201416016,
    0.16622543334960938,
    0.07201457023620605,
    0.16320109367370605,
    0.1140899658203125
  ],
  "test_metadata": {
    "timestamp": "2025-09-09T14:20:47.389910",
    "test_iterations": 5,
    "num_trips": 3
  },
  "L1_memory_stats": {
    "count": 0,
    "mean": 0,
    "median": 0,
    "min": 0,
    "max": 0,
    "std_dev": 0
  },
  "L2_redis_stats": {
    "count": 0,
    "mean": 0,
    "median": 0,
    "min": 0,
    "max": 0,
    "std_dev": 0
  },
  "L3_api_stats": {
    "count": 15,
    "mean": 0.1440794308980306,
    "median": 0.11591672897338867,
    "min": 0.0663442611694336,
    "max": 0.5784628391265869,
    "std_dev": 0.12472604626589721
  }
}