{
  "L1_local_cache": [
    5.8650970458984375e-05,
    1.8358230590820312e-05,
    1.3828277587890625e-05,
    1.33514404296875e-05,
    1.0728836059570312e-05
  ],
  "L3_api_direct": [
    0.07686543464660645,
    0.16666150093078613,
    0.0694429874420166,
    0.055498600006103516,
    0.10229611396789551,
    0.24886608123779297
  ],
  "test_metadata": {
    "timestamp": "2025-09-09T14:25:02.601335",
    "test_iterations": 5,
    "num_trips": 3
  },
  "panels_with_cache": [
    1.8191347122192383,
    0.00018668174743652344,
    0.0001163482666015625,
    0.00010704994201660156,
    9.72747802734375e-05
  ],
  "panels_without_cache": [
    1.293992519378662,
    1.0163321495056152,
    0.7779428958892822,
    1.0264275074005127,
    0.5797421932220459
  ],
  "L1_local_cache_stats": {
    "count": 5,
    "mean": 2.2983551025390626e-05,
    "median": 1.3828277587890625e-05,
    "min": 1.0728836059570312e-05,
    "max": 5.8650970458984375e-05,
    "std_dev": 2.012668019887473e-05
  },
  "L3_api_direct_stats": {
    "count": 6,
    "mean": 0.11993845303853352,
    "median": 0.08958077430725098,
    "min": 0.055498600006103516,
    "max": 0.24886608123779297,
    "std_dev": 0.07439650564825348
  }
}